20/6/2024 15:11:13,28.88,51.14,48,45.473456500000005, 9.202690666666665
20/6/2024 15:11:18,28.73,50.11,50,45.47345666666667, 9.202692166666667
20/6/2024 15:11:23,28.54,50.02,50,45.47345883333334, 9.2026935
20/6/2024 15:11:28,28.48,50.33,47,45.47345933333333, 9.202693166666668
20/6/2024 15:11:33,28.46,50.34,49,45.473459000000005, 9.202694666666668
20/6/2024 15:11:38,28.46,50.79,46,45.473457666666675, 9.2026965
20/6/2024 15:11:43,28.48,51.36,47,45.473456166666665, 9.2026985
20/6/2024 15:11:48,28.78,52.38,50,45.47345566666666, 9.2027
20/6/2024 15:11:53,28.74,52.48,49,45.473454833333335, 9.202702166666667
20/6/2024 15:11:58,28.77,51.35,48,45.473453666666664, 9.2027035
20/6/2024 15:12:03,28.77,50.92,49,45.473451833333336, 9.202705666666667
20/6/2024 15:12:08,28.68,50.9,51,45.47345, 9.202707666666667
20/6/2024 15:12:13,28.64,50.5,43,45.47344916666666, 9.202707
20/6/2024 15:12:18,28.63,50.29,46,45.47344799999999, 9.202705833333333
20/6/2024 15:12:23,28.71,50.16,45,45.47344783333333, 9.2027055
20/6/2024 15:12:28,28.74,50.17,46,45.473447666666665, 9.202706333333333
20/6/2024 15:12:33,28.84,50.09,47,45.473447500000006, 9.202707
20/6/2024 15:13:16,29.22,48.85,46,45.473445999999996, 9.2027075
20/6/2024 15:13:21,29.19,48.82,46,45.47344666666666, 9.202707833333333
20/6/2024 15:13:26,29.25,48.85,50,45.47344666666666, 9.202708666666666
20/6/2024 15:13:31,29.22,48.85,47,45.47344533333333, 9.202709666666667
20/6/2024 15:13:36,29.26,49.09,47,45.47344416666667, 9.202710833333333
20/6/2024 15:13:41,29.3,49.36,47,45.4734435, 9.202712
20/6/2024 15:13:46,29.33,49.71,48,45.47344266666667, 9.202712166666666
20/6/2024 15:13:51,29.25,50.87,50,45.47344216666667, 9.202712166666666
20/6/2024 15:13:56,29.19,49.98,46,45.473449333333335, 9.2027085
20/6/2024 15:14:01,29.05,49.17,45,45.47344916666666, 9.2027085
20/6/2024 15:14:06,28.99,49.07,48,45.473450500000006, 9.20271
20/6/2024 15:14:11,28.87,50.13,46,45.47345116666667, 9.202710333333332
20/6/2024 15:14:16,28.9,49.99,46,45.47345116666667, 9.202710666666666
20/6/2024 15:14:21,29.04,50.21,46,45.47345099999999, 9.202711666666666
20/6/2024 15:14:26,29.08,48.83,46,45.47345166666667, 9.202712499999999
20/6/2024 15:14:31,29.14,48.86,46,45.473451999999995, 9.202714166666668
20/6/2024 15:14:36,29.21,48.64,46,45.473451999999995, 9.202715166666668
20/6/2024 15:14:41,29.26,48.43,46,45.473451999999995, 9.2027145
20/6/2024 15:14:46,29.26,48.58,47,45.47345133333333, 9.202714166666668
20/6/2024 15:14:51,29.18,48.48,47,45.47345166666667, 9.2027145
20/6/2024 15:14:56,29.28,48.75,46,45.473452333333334, 9.202715666666668
20/6/2024 15:15:01,29.19,47.98,45,45.47345266666666, 9.202716500000001
20/6/2024 15:15:06,29.21,48.61,46,45.473453, 9.202717333333334
20/6/2024 15:15:11,29.29,49.67,45,45.473453500000005, 9.202717666666667
20/6/2024 15:15:16,29.28,48.86,49,45.47345399999999, 9.202718
20/6/2024 15:15:21,29.32,48.69,46,45.47345433333333, 9.202717833333333
20/6/2024 15:15:26,29.21,48.83,46,45.473453500000005, 9.202718166666667
20/6/2024 15:15:31,29.24,49.95,45,45.473453, 9.202718166666667
20/6/2024 15:15:36,29.21,48.92,45,45.47345283333334, 9.202718333333333
20/6/2024 15:15:41,29.19,49.22,50,45.4734525, 9.2027185
20/6/2024 15:15:46,29.26,49.52,46,45.4734525, 9.202718333333333
20/6/2024 15:15:51,29.25,48.98,48,45.4734525, 9.202719166666666
20/6/2024 15:15:56,29.3,48.88,50,45.4734525, 9.202719333333333
20/6/2024 15:16:01,29.3,48.7,49,45.4734525, 9.202719333333333
20/6/2024 15:16:06,29.39,48.74,46,45.47345216666666, 9.202719333333333
20/6/2024 15:16:11,29.33,49.51,46,45.47345166666667, 9.202719666666667
20/6/2024 15:16:16,29.39,50.75,46,45.47345116666667, 9.202719833333333
20/6/2024 15:16:21,29.39,50.57,48,45.47345116666667, 9.202720333333334
20/6/2024 15:16:26,29.45,50.39,50,45.47345116666667, 9.202721
20/6/2024 15:16:31,29.48,49.71,48,45.47345133333333, 9.202722
20/6/2024 15:16:36,29.56,49.5,47,45.47345133333333, 9.2027225
20/6/2024 15:16:41,29.52,49.21,46,45.473451833333336, 9.202722333333332
20/6/2024 15:16:46,29.53,49.59,47,45.473452333333334, 9.202722
20/6/2024 15:16:51,29.56,50.32,50,45.47345266666666, 9.202721833333333
20/6/2024 15:16:56,29.57,49.85,49,45.473453, 9.202721499999999
20/6/2024 15:17:01,29.62,49.57,49,45.473453500000005, 9.202720666666666
20/6/2024 15:17:06,29.56,49.26,47,45.47345416666667, 9.202719833333333
20/6/2024 15:17:11,29.53,49.17,46,45.47345516666666, 9.202719
20/6/2024 15:17:16,29.53,49.52,46,45.473456000000006, 9.202718166666667
20/6/2024 15:17:21,29.57,49.25,46,45.47345699999999, 9.202717166666668
20/6/2024 15:17:26,29.62,49.98,47,45.473457833333335, 9.202716666666667
20/6/2024 15:17:31,29.73,49.6,47,45.47345833333334, 9.202716500000001
20/6/2024 15:17:36,29.67,49.39,50,45.473459000000005, 9.202716500000001
20/6/2024 15:17:41,29.62,48.78,46,45.473459500000004, 9.202715833333334
20/6/2024 15:17:46,29.56,48.98,46,45.47345983333333, 9.202715833333334
20/6/2024 15:17:51,29.55,48.44,46,45.473459999999996, 9.2027155
20/6/2024 15:17:56,29.48,48.22,46,45.473460499999995, 9.202715166666668
20/6/2024 15:18:01,29.45,48.65,46,45.473461, 9.202714666666667
20/6/2024 15:18:06,29.52,49.13,49,45.473461, 9.202713833333332
20/6/2024 15:18:11,29.48,48.91,46,45.473460666666675, 9.2027135
20/6/2024 15:18:16,29.49,48.79,48,45.473460666666675, 9.202713333333332
20/6/2024 15:18:21,29.46,48.23,48,45.473460333333335, 9.2027135
20/6/2024 15:18:26,29.42,48.31,46,45.473460333333335, 9.202713666666666
20/6/2024 15:18:31,29.35,48.55,46,45.47346016666667, 9.202713666666666
20/6/2024 15:18:36,29.24,47.6,47,45.473462000000005, 9.202708333333334
20/6/2024 15:18:41,29.08,47.44,45,45.473462500000004, 9.202707666666667
20/6/2024 15:18:46,28.97,47.84,45,45.473462999999995, 9.2027055
20/6/2024 15:18:51,28.95,48.23,45,45.473463833333334, 9.202704166666667
20/6/2024 15:18:56,28.95,49.24,46,45.47346266666667, 9.202696166666668
20/6/2024 15:19:01,28.82,48.71,45,45.473469666666674, 9.202685166666667
20/6/2024 15:19:06,28.85,48.56,47,45.4734715, 9.2026735
20/6/2024 15:19:11,28.79,49.96,46,45.47346949999999, 9.202665666666666
20/6/2024 15:19:16,28.98,50.56,46,45.47346783333334, 9.202659833333334
20/6/2024 15:19:21,29.06,50.14,46,45.473465000000004, 9.202658166666668
20/6/2024 15:19:26,29.16,50.06,46,45.47346533333333, 9.202656333333334
20/6/2024 15:19:31,29.05,47.86,48,45.47346483333334, 9.202654166666667
20/6/2024 15:19:36,28.91,47.61,48,45.473468000000004, 9.202651833333334
20/6/2024 15:19:41,28.74,47.55,45,45.47347266666667, 9.202645833333333
20/6/2024 15:19:46,28.67,47.62,45,45.47347716666666, 9.202641
20/6/2024 15:19:51,28.74,47.77,47,45.4734745, 9.202642166666667
20/6/2024 15:19:56,28.71,47.79,47,45.47347166666667, 9.202642333333333
20/6/2024 15:20:01,28.68,47.83,46,45.47346816666666, 9.20264
20/6/2024 15:20:06,28.71,47.95,45,45.47346483333334, 9.202638166666667
20/6/2024 15:20:11,28.73,48.1,47,45.47346266666667, 9.202639833333334
20/6/2024 15:20:16,28.56,48.06,47,45.47347799999999, 9.202639666666666
20/6/2024 15:20:21,28.64,48.32,42,45.47347983333334, 9.202638833333333
20/6/2024 15:20:26,28.68,49.07,45,45.47348183333334, 9.202639
20/6/2024 15:20:31,28.75,50.38,43,45.47348166666667, 9.2026385
20/6/2024 15:20:36,28.84,50.87,46,45.47348183333334, 9.202637833333334
20/6/2024 15:20:41,28.94,52.44,48,45.47348283333334, 9.202636833333335
20/6/2024 15:20:46,29.01,51.6,47,45.47348483333334, 9.202632833333332
20/6/2024 15:20:51,29.11,51.54,46,45.473471, 9.202634666666667
20/6/2024 15:20:56,29.16,52.27,47,45.47346816666666, 9.202636833333335
20/6/2024 15:21:01,29.14,50.68,45,45.47346733333334, 9.202637000000001
20/6/2024 15:21:06,29.08,50.22,47,45.473465000000004, 9.202634666666667
20/6/2024 15:21:11,28.94,48.49,44,45.473462000000005, 9.2026365
20/6/2024 15:21:16,28.71,47.97,43,45.47346133333334, 9.202638666666667
20/6/2024 15:21:21,28.58,48.44,45,45.473463333333335, 9.202639333333334
20/6/2024 15:21:26,28.51,49.12,48,45.47346616666667, 9.202642166666667
20/6/2024 15:21:31,28.46,49.38,47,45.473465166666664, 9.202646833333334
20/6/2024 15:21:36,28.33,49.99,45,45.473463833333334, 9.20265
20/6/2024 15:21:41,28.23,50.15,46,45.473462500000004, 9.202652666666667
20/6/2024 15:21:46,28.23,50.38,51,45.473460333333335, 9.202656166666666
20/6/2024 15:21:52,28.2,50.55,46,45.473460666666675, 9.20266
20/6/2024 15:21:57,28.17,50.25,47,45.473462166666664, 9.202663666666666
20/6/2024 15:22:02,28.23,50.25,46,45.47346433333334, 9.202666333333333
20/6/2024 15:22:07,28.23,50.17,45,45.473467666666664, 9.202667166666666
20/6/2024 15:22:12,28.28,50.66,46,45.47347166666667, 9.202666166666667
20/6/2024 15:22:17,28.27,51.08,48,45.4734745, 9.2026665
20/6/2024 15:22:22,28.26,50.64,46,45.47347566666667, 9.202667333333332
20/6/2024 15:22:27,28.28,49.99,47,45.473477, 9.202668
20/6/2024 15:22:32,28.27,50.73,45,45.47347916666666, 9.202668166666665
20/6/2024 15:22:37,28.28,50.85,45,45.4734815, 9.2026685
20/6/2024 15:22:42,28.27,50.84,46,45.47348316666667, 9.202668666666666
20/6/2024 15:22:47,28.2,49.94,43,45.47348399999999, 9.202668333333333
20/6/2024 15:22:52,28.19,50.15,44,45.47348433333333, 9.202668166666665
20/6/2024 15:22:57,28.2,50.51,47,45.47348433333333, 9.202668
20/6/2024 15:23:02,28.26,50.24,45,45.47348399999999, 9.202667499999999
20/6/2024 15:23:07,28.3,50.14,46,45.47348383333333, 9.202667
20/6/2024 15:23:12,28.4,50.7,44,45.47348683333333, 9.202666166666667
20/6/2024 15:23:17,28.82,55.96,50,45.47348699999999, 9.202667
20/6/2024 15:23:22,28.94,51.49,47,45.47348683333333, 9.202667333333332
20/6/2024 15:23:27,28.95,49.32,45,45.47348733333333, 9.202665833333333
20/6/2024 15:23:32,28.91,48.94,44,45.47348783333334, 9.202662833333333
20/6/2024 15:23:37,28.94,49.09,47,45.47348683333333, 9.202661666666668
20/6/2024 15:23:42,28.99,50.4,46,45.473486, 9.202661166666667
20/6/2024 15:23:47,29.05,50.97,47,45.47348583333334, 9.2026615
20/6/2024 15:23:52,29.06,50.85,46,45.47348566666666, 9.2026615
20/6/2024 15:23:57,29.09,50.53,49,45.47348650000001, 9.202661
20/6/2024 15:24:02,29.12,50.51,49,45.4734875, 9.202660333333334
20/6/2024 15:24:07,29.15,50.79,47,45.47348816666666, 9.202659833333334
20/6/2024 15:24:12,29.15,49.99,50,45.4734875, 9.202660833333335
20/6/2024 15:24:17,29.24,50.68,48,45.47348733333333, 9.202661333333333
20/6/2024 15:24:22,29.22,50.28,47,45.4734885, 9.202661833333334
20/6/2024 15:24:27,29.22,49.97,46,45.473489333333326, 9.202662833333333
20/6/2024 15:24:32,29.22,49.06,44,45.47348916666667, 9.2026635
20/6/2024 15:24:37,29.15,48.72,48,45.473489333333326, 9.202664
20/6/2024 15:24:42,29.09,48.75,46,45.473489333333326, 9.202664333333333
20/6/2024 15:24:47,29.14,49.02,50,45.473489333333326, 9.202664666666667
20/6/2024 15:24:52,29.11,49.29,48,45.47348916666667, 9.202664666666667
20/6/2024 15:24:57,29.09,48.62,44,45.47348866666666, 9.202664833333333
20/6/2024 15:25:02,29.06,48.79,43,45.47348766666667, 9.2026655
20/6/2024 15:25:07,28.99,48.65,45,45.47348816666666, 9.202664666666667
20/6/2024 15:25:12,28.94,48.42,45,45.47348783333334, 9.202664333333333
20/6/2024 15:25:17,28.85,48.54,45,45.47348816666666, 9.202664
20/6/2024 15:25:22,28.79,48.02,47,45.47348866666666, 9.202664
20/6/2024 15:25:27,28.7,48.34,46,45.473489333333326, 9.202664166666667
20/6/2024 15:25:32,28.6,48.61,47,45.473485333333336, 9.202657833333335
20/6/2024 15:25:37,28.6,48.91,44,45.47348566666666, 9.202657499999999
20/6/2024 15:25:42,28.56,49.26,43,45.473506, 9.202626500000001
20/6/2024 15:25:47,28.48,49.58,46,45.47352966666667, 9.202565
20/6/2024 15:25:52,28.46,49.54,47,45.47356766666667, 9.202509833333332
20/6/2024 15:25:57,28.51,49.48,41,45.47356383333334, 9.202504000000001
20/6/2024 15:26:02,28.4,49.52,46,45.47356583333333, 9.202489333333334
20/6/2024 15:26:07,28.37,50.33,51,45.4735835, 9.202418
20/6/2024 15:26:12,28.4,49.9,45,45.473603000000004, 9.202351333333333
20/6/2024 15:26:17,28.44,49.47,49,45.473615, 9.202313
20/6/2024 15:26:22,28.39,49.1,44,45.47364949999999, 9.202220833333334
20/6/2024 15:26:27,28.24,49.26,44,45.47367033333333, 9.202166666666667
20/6/2024 15:26:32,28.3,49.47,45,45.47371116666667, 9.202085
20/6/2024 15:26:37,28.42,49.5,42,45.47374983333334, 9.201978
20/6/2024 15:26:42,28.54,49.23,46,45.47378033333333, 9.2018975
20/6/2024 15:26:47,28.61,48.77,47,45.47381433333333, 9.201805833333333
20/6/2024 15:26:52,28.65,48.1,44,45.47384933333333, 9.201700166666665
20/6/2024 15:26:57,28.56,47.86,46,45.4738795, 9.201630999999999
20/6/2024 15:27:02,28.56,48.41,42,45.4738995, 9.2015485
20/6/2024 15:27:07,28.64,48.21,45,45.47391716666666, 9.201464499999998
20/6/2024 15:27:12,28.64,47.59,40,45.47392283333333, 9.201384999999998
20/6/2024 15:27:17,28.65,47.45,45,45.47391533333333, 9.201334666666666
20/6/2024 15:27:22,28.5,48.4,46,45.47389516666667, 9.201267166666666
20/6/2024 15:27:27,28.36,49.03,46,45.47389499999999, 9.201191666666666
20/6/2024 15:27:32,28.26,49.96,42,45.473873000000005, 9.201112166666666
20/6/2024 15:27:37,28.28,50.54,45,45.4738505, 9.201029166666666
20/6/2024 15:27:42,28.33,50.04,44,45.47385066666667, 9.200947333333334
20/6/2024 15:27:47,28.42,49.62,45,45.47384999999999, 9.200852666666666
20/6/2024 15:27:52,28.51,49.75,46,45.47385033333333, 9.200769666666668
20/6/2024 15:27:57,28.57,49.42,48,45.473858, 9.200651333333333
20/6/2024 15:28:02,28.6,49.7,43,45.473877333333334, 9.200562999999999
20/6/2024 15:28:07,28.53,48.9,46,45.47390399999999, 9.200489833333334
20/6/2024 15:28:12,28.48,49.12,47,45.47393366666667, 9.2004165
20/6/2024 15:28:17,28.37,49.46,43,45.473959833333325, 9.200353166666668
20/6/2024 15:28:22,28.26,49.35,47,45.473995833333326, 9.2002885
20/6/2024 15:28:27,28.17,50.3,45,45.47401750000001, 9.200224166666667
20/6/2024 15:28:32,28.03,50.56,47,45.47405083333333, 9.200167833333333
20/6/2024 15:28:37,27.97,51.39,42,45.47409, 9.200093
20/6/2024 15:28:42,27.95,51.24,43,45.47412483333333, 9.200015833333334
20/6/2024 15:28:47,27.88,50.91,44,45.47415899999999, 9.199949666666667
20/6/2024 15:28:52,27.86,51.45,48,45.47418233333333, 9.199888666666668
20/6/2024 15:28:57,27.84,51.4,48,45.474212666666666, 9.199827333333333
20/6/2024 15:29:02,27.82,51.71,46,45.47425066666666, 9.199766
20/6/2024 15:29:07,27.79,52.03,47,45.474275500000005, 9.199697333333335
20/6/2024 15:29:12,27.84,51.66,45,45.474292, 9.199635333333333
20/6/2024 15:29:17,27.84,51.52,44,45.47431166666667, 9.199567333333333
20/6/2024 15:29:22,27.84,51.7,46,45.47433633333333, 9.199494833333334
20/6/2024 15:29:27,27.81,51.78,46,45.474340166666664, 9.199474166666667
20/6/2024 15:29:32,27.82,52.4,46,45.474357499999996, 9.199421166666667
20/6/2024 15:29:37,27.82,52.86,45,45.47436616666667, 9.199388666666666
20/6/2024 15:29:42,27.85,53.63,45,45.474374000000005, 9.199342666666666
20/6/2024 15:29:47,27.84,54.34,48,45.47438983333333, 9.199265
20/6/2024 15:29:52,27.76,55.12,46,45.474408, 9.199171
20/6/2024 15:29:57,27.72,55.32,51,45.474414833333334, 9.1991035
20/6/2024 15:30:02,27.68,54.71,44,45.47443216666667, 9.198999666666667
20/6/2024 15:30:07,27.62,54.38,45,45.47445566666667, 9.198903833333333
20/6/2024 15:30:12,27.65,54.06,46,45.4744815, 9.198828666666666
20/6/2024 15:30:17,27.75,51.81,45,45.4745025, 9.198734166666666
20/6/2024 15:30:22,27.88,50.47,47,45.47452166666667, 9.198632833333333
20/6/2024 15:30:27,27.93,50,46,45.47453583333333, 9.198547
20/6/2024 15:30:32,27.92,50.14,46,45.47452883333334, 9.198452833333333
20/6/2024 15:30:37,27.96,49.59,45,45.47452966666666, 9.198382833333334
20/6/2024 15:30:42,27.91,49.06,45,45.47453399999999, 9.198305166666668
20/6/2024 15:30:47,27.92,48.94,46,45.474519166666674, 9.198226333333334
20/6/2024 15:30:52,27.97,48.85,42,45.47450216666666, 9.198158833333334
20/6/2024 15:30:57,28,48.92,53,45.47447966666667, 9.198094
20/6/2024 15:31:02,28.1,48.87,50,45.474458999999996, 9.198051666666666
20/6/2024 15:31:07,28.27,48.77,45,45.4744425, 9.198035666666668
20/6/2024 15:31:12,28.44,48.45,42,45.47443533333333, 9.198021333333333
20/6/2024 15:31:17,28.57,48.08,46,45.47443083333333, 9.1980105
20/6/2024 15:31:22,28.6,47.28,48,45.47442566666667, 9.197994333333332
20/6/2024 15:31:27,28.73,46.97,44,45.47440199999999, 9.197965
20/6/2024 15:31:32,28.84,46.84,48,45.47435583333333, 9.19792
20/6/2024 15:31:37,28.99,46.82,38,45.474319833333325, 9.197871166666665
20/6/2024 15:31:42,29.12,46.49,45,45.474285666666674, 9.197788666666666
20/6/2024 15:31:47,29.11,46.5,43,45.47428216666667, 9.197707166666667
20/6/2024 15:31:52,29.06,46.61,45,45.474294166666674, 9.197623833333333
20/6/2024 15:31:57,29.02,46.62,47,45.4743135, 9.197545166666666
20/6/2024 15:32:02,28.99,47.9,43,45.47431366666667, 9.197452166666666
20/6/2024 15:32:07,28.94,47.04,46,45.47429866666666, 9.1973775
20/6/2024 15:32:12,28.91,47.09,47,45.47424899999999, 9.197355833333335
20/6/2024 15:32:17,28.81,47.15,44,45.47419750000001, 9.1973375
20/6/2024 15:32:22,28.7,47.1,43,45.474145666666665, 9.1973175
20/6/2024 15:32:27,28.68,47.18,44,45.4740845, 9.197299333333332
20/6/2024 15:32:32,28.68,47.14,45,45.474022166666664, 9.1972465
20/6/2024 15:32:37,28.84,47.33,41,45.47398033333334, 9.197176333333335
20/6/2024 15:32:42,28.84,47.4,42,45.47395083333334, 9.1971165
20/6/2024 15:32:47,28.82,47.57,43,45.473918999999995, 9.197047
20/6/2024 15:32:52,28.68,49.03,48,45.473903500000006, 9.196959999999999
20/6/2024 15:32:57,28.54,49,47,45.4738725, 9.196895333333334
20/6/2024 15:33:02,28.5,49.83,46,45.4738365, 9.196827333333333
20/6/2024 15:33:07,28.48,48.6,46,45.47380199999999, 9.196770333333335
20/6/2024 15:33:12,28.5,48.48,47,45.473775333333336, 9.196705
20/6/2024 15:33:17,28.51,48.49,43,45.47374016666666, 9.19664
20/6/2024 15:33:22,28.51,49,47,45.4736965, 9.1965855
20/6/2024 15:33:27,28.42,49.06,44,45.47365283333333, 9.196537000000001
20/6/2024 15:33:32,28.42,49.74,45,45.4736035, 9.196505
20/6/2024 15:33:37,28.47,50.66,45,45.473542333333334, 9.196466
20/6/2024 15:33:42,28.58,51.37,46,45.47348283333334, 9.196442999999999
20/6/2024 15:33:47,28.7,49.06,49,45.47342533333334, 9.196438333333333
20/6/2024 15:33:52,28.79,47.95,48,45.473370499999994, 9.1964595
20/6/2024 15:33:57,28.81,47.98,47,45.473322833333334, 9.196513333333334
20/6/2024 15:34:02,28.79,47.52,47,45.47328600000001, 9.1965775
20/6/2024 15:34:07,28.87,47.79,46,45.473265000000005, 9.196643666666667
20/6/2024 15:34:12,29.11,47.42,50,45.47324366666667, 9.196709
20/6/2024 15:34:17,28.99,46.8,46,45.47322900000001, 9.196754666666667
20/6/2024 15:34:22,28.93,46.85,45,45.473244333333334, 9.196812666666666
20/6/2024 15:34:27,28.87,47.35,47,45.47327133333333, 9.1968875
20/6/2024 15:34:32,28.87,47.24,45,45.47329033333334, 9.196950833333334
20/6/2024 15:34:37,28.85,47.84,45,45.47331716666666, 9.1970505
20/6/2024 15:34:42,28.88,48.23,49,45.47333966666667, 9.197129499999999
20/6/2024 15:34:47,28.91,47.78,46,45.473354666666665, 9.197199666666668
20/6/2024 15:34:52,28.97,48.41,52,45.473378000000004, 9.197299833333334
20/6/2024 15:34:57,29.04,48.88,47,45.473399, 9.197380166666667
20/6/2024 15:35:02,29.06,48.82,45,45.47341733333333, 9.1974625
20/6/2024 15:35:07,29.09,47.66,48,45.473438, 9.197554
20/6/2024 15:35:12,29.19,47.62,48,45.47347, 9.1976405
20/6/2024 15:35:17,29.28,47.57,46,45.473502666666676, 9.197733166666666
20/6/2024 15:35:22,29.3,47.07,45,45.47352250000001, 9.197809333333334
20/6/2024 15:35:27,29.35,47.17,47,45.47352383333334, 9.19789
20/6/2024 15:35:32,29.32,47.85,47,45.47352883333333, 9.197970333333334
20/6/2024 15:35:37,29.28,47.11,48,45.47352816666667, 9.198047666666668
20/6/2024 15:35:42,29.25,46.3,45,45.47353083333334, 9.198130666666666
20/6/2024 15:35:47,29.29,46.76,45,45.47353383333334, 9.19821
20/6/2024 15:35:52,29.33,47.58,49,45.47353983333334, 9.198286666666666
20/6/2024 15:35:57,29.43,47.61,42,45.473541499999996, 9.198368166666667
20/6/2024 15:36:02,29.5,47.51,46,45.47353816666667, 9.198452166666668
20/6/2024 15:36:07,29.53,46.91,45,45.47354, 9.198535666666666
20/6/2024 15:36:12,29.52,46.26,48,45.473537500000006, 9.198603833333333
20/6/2024 15:36:17,29.48,46.01,45,45.47352883333333, 9.198674166666667
20/6/2024 15:36:22,29.46,46.09,45,45.47351933333333, 9.198748166666666
20/6/2024 15:36:27,29.37,46.04,50,45.47351116666667, 9.198821833333334
20/6/2024 15:36:32,29.36,46.33,41,45.47350216666667, 9.198896
20/6/2024 15:36:37,29.36,46.92,40,45.473502499999995, 9.198962833333333
20/6/2024 15:36:42,29.26,47.04,50,45.47350983333334, 9.199031833333333
20/6/2024 15:36:47,29.15,46.33,42,45.47352616666667, 9.199108666666666
20/6/2024 15:36:52,29.06,46.55,49,45.47353199999999, 9.199189833333332
20/6/2024 15:36:57,29.06,47.4,43,45.473534333333326, 9.199223833333333
20/6/2024 15:37:02,29.15,47.77,46,45.47353533333333, 9.199305333333333
20/6/2024 15:37:07,29.19,47.61,47,45.4735105, 9.199385666666666
20/6/2024 15:37:12,29.18,48.22,46,45.473501500000005, 9.199459999999998
20/6/2024 15:37:17,29.06,49.41,47,45.473494333333335, 9.199558666666666
20/6/2024 15:37:22,28.97,49.18,43,45.473498333333325, 9.1996455
20/6/2024 15:37:27,28.95,50.09,45,45.47350183333333, 9.199733666666667
20/6/2024 15:37:32,28.9,49.56,42,45.47352483333334, 9.199812333333334
20/6/2024 15:37:37,28.81,49.43,47,45.47356866666667, 9.199882333333333
20/6/2024 15:37:42,28.71,48.98,44,45.473624333333326, 9.199950333333334
20/6/2024 15:37:47,28.67,48.76,47,45.47367283333333, 9.199991333333333
20/6/2024 15:37:52,28.58,48.78,51,45.473721999999995, 9.200023166666666
20/6/2024 15:37:57,28.54,48.84,43,45.473724666666676, 9.200027
20/6/2024 15:38:02,28.48,48.97,47,45.473724999999995, 9.20003
20/6/2024 15:38:07,28.42,49.43,47,45.47372699999999, 9.200032
20/6/2024 15:38:12,28.33,50.87,47,45.47373783333334, 9.200026166666667
20/6/2024 15:38:17,28.26,52.18,46,45.473772499999995, 9.199985333333332
20/6/2024 15:38:22,28.12,52.07,48,45.47380033333334, 9.19993
20/6/2024 15:38:27,28.05,51.56,46,45.473839, 9.199876166666666
20/6/2024 15:38:32,28,51.2,44,45.473864166666665, 9.199819666666667
20/6/2024 15:38:37,27.99,50.24,43,45.473879999999994, 9.199753333333332
20/6/2024 15:38:42,28,49.49,43,45.473886166666674, 9.199733333333334
20/6/2024 15:38:47,27.97,49.22,43,45.47389083333334, 9.199715833333332
20/6/2024 15:38:52,27.99,48.76,43,45.47389266666667, 9.199709166666667
20/6/2024 15:38:57,27.97,48.79,42,45.47389283333334, 9.199705
20/6/2024 15:39:02,27.95,48.42,43,45.473904499999996, 9.1996345
20/6/2024 15:39:07,27.95,49.42,46,45.47391916666667, 9.199563666666668
20/6/2024 15:39:12,28,49.9,50,45.47392883333334, 9.199518000000001
20/6/2024 15:39:17,28.15,49.74,46,45.47392083333334, 9.199468166666666
20/6/2024 15:39:22,28.3,49.98,44,45.47387716666667, 9.199385666666666
20/6/2024 15:39:27,28.44,49.01,45,45.47385216666667, 9.199336666666666
20/6/2024 15:39:32,28.54,49.17,46,45.473836, 9.199301
20/6/2024 15:39:37,28.53,50.28,45,45.473813, 9.1992195
20/6/2024 15:39:42,28.54,49.38,43,45.47379216666666, 9.199139666666667
20/6/2024 15:39:47,28.57,49.07,47,45.47377199999999, 9.199068500000001
20/6/2024 15:39:52,28.47,49.73,48,45.47374383333334, 9.199004833333333
20/6/2024 15:39:57,28.54,48.22,46,45.473701, 9.198914833333333
20/6/2024 15:40:02,28.5,47.97,51,45.473687000000005, 9.198838833333333
20/6/2024 15:40:07,28.42,48.16,42,45.47368483333333, 9.198768333333334
20/6/2024 15:40:12,28.51,47.91,49,45.47368933333334, 9.198694
20/6/2024 15:40:17,28.64,47.49,42,45.4736805, 9.198637833333333
20/6/2024 15:40:22,28.71,47.15,46,45.473691666666674, 9.198553833333333
20/6/2024 15:40:27,28.73,47.14,48,45.47369883333334, 9.198474166666667
20/6/2024 15:40:32,28.75,47.5,43,45.47370349999999, 9.198405833333334
20/6/2024 15:40:37,28.7,47.55,44,45.47372516666666, 9.198348166666667
20/6/2024 15:40:42,28.68,48.61,43,45.47374750000001, 9.198282333333333
20/6/2024 15:40:47,28.65,48.6,45,45.47378283333334, 9.198236000000001
20/6/2024 15:40:52,28.68,50.5,46,45.473824666666665, 9.198202333333334
20/6/2024 15:40:57,28.65,49.71,45,45.47386199999999, 9.198169666666667
20/6/2024 15:41:02,28.58,49.24,47,45.47390583333334, 9.198146666666666
20/6/2024 15:41:07,28.58,48.47,45,45.473949499999996, 9.198145333333335
20/6/2024 15:41:12,28.63,48.51,45,45.47398683333333, 9.198204
20/6/2024 15:41:17,28.7,49.86,46,45.474010666666665, 9.198249166666667
20/6/2024 15:41:22,28.79,49.85,46,45.474016666666664, 9.19825
20/6/2024 15:41:27,28.88,49.99,45,45.47401833333333, 9.198251166666667
20/6/2024 15:41:32,28.88,49.77,45,45.47403333333333, 9.198321666666667
20/6/2024 15:41:37,28.87,49.33,45,45.474017, 9.198387833333333
20/6/2024 15:41:42,28.93,50.5,44,45.47402033333333, 9.198456666666667
20/6/2024 15:41:47,29.02,48.63,45,45.47402633333333, 9.198528333333334
20/6/2024 15:41:52,29.09,47.72,45,45.474039999999995, 9.198606333333334
20/6/2024 15:41:57,29.16,48.68,45,45.474051833333334, 9.19868
20/6/2024 15:42:02,29.22,49.15,46,45.47406533333333, 9.1987385
20/6/2024 15:42:07,29.28,47.92,45,45.47407783333333, 9.198814
20/6/2024 15:42:12,29.33,54.21,46,45.474095000000005, 9.198890833333333
20/6/2024 15:42:17,29.28,54.16,49,45.4741365, 9.198954666666667
20/6/2024 15:42:22,29.22,51.98,46,45.47417216666666, 9.198981833333333
20/6/2024 15:42:27,28.93,52.22,49,45.47421216666667, 9.199002166666666
20/6/2024 15:42:32,28.68,53.22,46,45.47423366666667, 9.198996666666666
20/6/2024 15:42:37,28.56,53.96,46,45.47424433333334, 9.198968666666667
20/6/2024 15:42:42,28.5,55.36,46,45.47427, 9.198921166666667
20/6/2024 15:42:47,28.46,55.61,46,45.474260666666666, 9.198868833333334
20/6/2024 15:42:52,28.57,52.83,46,45.47425383333333, 9.198800666666667
20/6/2024 15:42:57,28.77,51.43,45,45.47425416666667, 9.198734166666666
20/6/2024 15:43:02,28.98,51.98,45,45.47425116666667, 9.198655
20/6/2024 15:43:07,29.21,49.58,45,45.47424666666667, 9.198592166666666
20/6/2024 15:43:12,29.35,47.73,48,45.47423633333333, 9.1984865
20/6/2024 15:43:17,29.45,46.9,45,45.474228499999995, 9.198406333333333
20/6/2024 15:43:22,29.49,47.99,48,45.474222833333336, 9.1983415
20/6/2024 15:43:27,29.65,49.06,46,45.47421299999999, 9.198265
20/6/2024 15:43:32,29.76,48.77,45,45.47420916666667, 9.198181
20/6/2024 15:43:37,29.81,47.91,45,45.47420833333334, 9.198127166666666
20/6/2024 15:43:42,30,48.62,48,45.4742045, 9.198056000000001
20/6/2024 15:43:47,29.96,46.06,45,45.474191166666664, 9.197978
20/6/2024 15:43:52,29.91,45.48,45,45.47416533333333, 9.197891166666667
20/6/2024 15:43:57,29.87,45.98,48,45.474140000000006, 9.1978465
20/6/2024 15:44:02,29.74,46.56,45,45.47410883333334, 9.197783500000002
20/6/2024 15:44:07,29.67,47.3,45,45.47408716666667, 9.197722833333334
20/6/2024 15:44:12,29.8,45.87,46,45.474067166666664, 9.1976585
20/6/2024 15:44:17,29.72,45.61,47,45.47403633333333, 9.197598833333332
20/6/2024 15:44:22,29.49,46.38,46,45.47399716666667, 9.197547833333335
20/6/2024 15:44:27,29.3,48.48,45,45.4739895, 9.197535499999999
20/6/2024 15:44:32,29.25,48.91,46,45.473987333333326, 9.197532833333334
20/6/2024 15:44:37,29.18,49.82,46,45.47398183333333, 9.1975175
20/6/2024 15:44:42,29.06,48.93,45,45.473945, 9.197454333333333
20/6/2024 15:44:47,28.93,48.64,45,45.47392016666666, 9.197410999999999
20/6/2024 15:44:52,28.85,50.05,50,45.47387983333333, 9.197355833333335
20/6/2024 15:44:57,28.9,48.95,45,45.473859999999995, 9.197351666666666
20/6/2024 15:45:02,28.98,49.07,49,45.47380833333333, 9.1973325
20/6/2024 15:45:07,28.87,50.7,46,45.47377516666667, 9.197307333333333
20/6/2024 15:45:12,28.74,49.55,45,45.47376016666667, 9.1972945
20/6/2024 15:45:17,28.71,50.89,46,45.47374883333334, 9.197259166666667
20/6/2024 15:45:22,28.68,51.95,46,45.47371266666667, 9.197188833333334
20/6/2024 15:45:27,28.71,53.39,47,45.47367116666666, 9.197079833333333
20/6/2024 15:45:32,28.74,52.01,45,45.47364016666667, 9.197049
20/6/2024 15:45:37,28.81,51.63,45,45.473594500000004, 9.197049999999999
20/6/2024 15:45:42,28.84,50.45,46,45.473573, 9.197019500000001
20/6/2024 15:45:47,28.81,52.52,46,45.473553666666675, 9.1970005
20/6/2024 15:45:52,28.95,55.1,46,45.473501166666665, 9.197027666666665
20/6/2024 15:45:57,28.98,52.77,46,45.473501166666665, 9.197073333333332
20/6/2024 15:46:02,28.87,50.3,45,45.4735155, 9.197123833333334
20/6/2024 15:46:07,28.91,51.4,48,45.47351233333334, 9.197151833333333
20/6/2024 15:46:12,28.93,52.67,47,45.473517333333334, 9.197164500000001
20/6/2024 15:46:17,28.79,50.98,43,45.473534333333326, 9.197225333333334
20/6/2024 15:46:22,28.58,53.34,52,45.47357216666666, 9.197291
20/6/2024 15:46:27,28.53,52.97,43,45.47361466666666, 9.197340166666667
20/6/2024 15:46:32,28.47,53.05,46,45.47366483333334, 9.1974035
20/6/2024 15:46:37,28.37,54.85,49,45.47370599999999, 9.197446166666667
20/6/2024 15:46:42,28.35,54.69,46,45.473758, 9.197482833333334
20/6/2024 15:46:47,28.32,52.66,43,45.473791833333344, 9.197544666666666
20/6/2024 15:46:52,28.26,50.62,45,45.473792, 9.197605333333334
20/6/2024 15:46:57,28.24,50.33,46,45.47375783333334, 9.197652333333334
20/6/2024 15:47:02,28.16,50.3,45,45.473775499999995, 9.197633999999999
20/6/2024 15:47:07,28.19,50.58,47,45.4738155, 9.197594666666667
20/6/2024 15:47:12,28.15,50.36,44,45.473858, 9.1975635
20/6/2024 15:47:17,28.06,51.28,44,45.47391266666667, 9.1975265
20/6/2024 15:47:22,28.05,51.47,44,45.473958666666675, 9.197494833333334
20/6/2024 15:47:27,28.07,52.24,46,45.473959833333325, 9.197490499999999
20/6/2024 15:47:32,28.15,53.73,49,45.47396233333334, 9.197484166666667
20/6/2024 15:47:37,28.2,55.01,48,45.473966000000004, 9.197474833333333
20/6/2024 15:47:42,28.22,54.47,46,45.4739805, 9.197485333333333
20/6/2024 15:47:47,28.23,53.34,50,45.47400733333334, 9.197440666666667
20/6/2024 15:47:52,28.28,52.12,50,45.47404166666667, 9.197372333333334
20/6/2024 15:47:57,28.36,51.86,46,45.47407516666667, 9.1973495
20/6/2024 15:48:02,28.37,51.35,45,45.47412816666667, 9.197359833333334
20/6/2024 15:48:07,28.46,51.36,45,45.47419133333333, 9.197369833333333
20/6/2024 15:48:12,28.64,50.84,50,45.47423416666667, 9.197363666666666
20/6/2024 15:48:17,28.75,49.81,44,45.47428616666666, 9.1973165
20/6/2024 15:48:22,28.84,49.43,46,45.47432116666667, 9.197288166666668
20/6/2024 15:48:27,28.93,48.99,46,45.47438016666667, 9.197270833333333
20/6/2024 15:48:32,29.08,48.39,42,45.4744215, 9.197295333333333
20/6/2024 15:48:37,29.22,47.96,50,45.47443816666667, 9.197290166666667
20/6/2024 15:48:42,29.32,47.74,49,45.474510499999994, 9.197305
20/6/2024 15:48:47,29.45,47.79,48,45.47455433333333, 9.197332999999999
20/6/2024 15:48:52,29.53,47.78,46,45.4746065, 9.197395833333333
20/6/2024 15:48:57,29.69,47.58,44,45.47464616666666, 9.197414
20/6/2024 15:49:02,29.69,47.8,46,45.47470083333333, 9.197426
20/6/2024 15:49:07,29.74,48.44,50,45.47474966666667, 9.197430666666666
20/6/2024 15:49:12,29.66,49.31,44,45.47479733333333, 9.197475333333333
20/6/2024 15:49:17,29.72,48.43,45,45.47481633333334, 9.197554666666667
20/6/2024 15:49:22,29.65,46.63,46,45.47482783333333, 9.197638333333334
20/6/2024 15:49:27,29.72,45.68,47,45.474819499999995, 9.197691666666666
20/6/2024 15:49:32,29.73,45.18,44,45.47480816666666, 9.1977635
20/6/2024 15:49:37,29.63,45.87,46,45.47480050000001, 9.197837666666667
20/6/2024 15:49:42,29.48,45.81,45,45.47479833333333, 9.1979115
20/6/2024 15:49:47,29.42,45.75,46,45.47479883333334, 9.197984833333333
20/6/2024 15:49:52,29.33,46.88,50,45.47480600000001, 9.198059166666667
20/6/2024 15:49:57,29.33,47.71,46,45.474818166666665, 9.198132500000002
20/6/2024 15:50:02,29.22,47.47,44,45.47483283333333, 9.198202833333333
20/6/2024 15:50:07,29.24,47.39,47,45.47483650000001, 9.198275833333334
20/6/2024 15:50:12,29.28,47.7,46,45.4748595, 9.198342666666667
20/6/2024 15:50:17,29.3,48.13,49,45.474880666666664, 9.198405333333334
20/6/2024 15:50:22,29.19,48.85,46,45.4748985, 9.198422333333333
20/6/2024 15:50:27,29.14,49.29,47,45.4749425, 9.1984595
20/6/2024 15:50:32,29.08,49.34,45,45.474976, 9.198499166666666
20/6/2024 15:50:37,29.04,48.71,49,45.475018, 9.198539666666667
20/6/2024 15:50:42,28.95,49.06,46,45.475041499999996, 9.198577
20/6/2024 15:50:47,28.93,48.81,49,45.47503683333333, 9.1986135
20/6/2024 15:50:52,28.9,48.59,47,45.47502816666667, 9.198673333333334
20/6/2024 15:50:57,28.85,49.82,49,45.475013833333335, 9.198751833333334
20/6/2024 15:51:02,28.81,50.33,44,45.475007166666664, 9.198820666666668
20/6/2024 15:51:07,28.75,50.78,46,45.47498633333333, 9.198888666666667
20/6/2024 15:51:12,28.64,51.47,45,45.47496683333334, 9.198949333333333
20/6/2024 15:51:17,28.57,51.26,45,45.47494783333333, 9.199003833333334
20/6/2024 15:51:22,28.48,51.23,46,45.47494216666667, 9.199057166666668
20/6/2024 15:51:27,28.44,51.15,47,45.47494916666666, 9.199133333333332
20/6/2024 15:51:32,28.35,52.34,48,45.4749455, 9.199202333333334
20/6/2024 15:51:37,28.17,53.61,45,45.47494, 9.199257999999999
20/6/2024 15:51:42,28.05,53.75,50,45.4749215, 9.199297666666666
20/6/2024 15:51:47,27.93,54.36,45,45.474908166666665, 9.199386333333333
20/6/2024 15:51:52,27.92,55.43,45,45.4748895, 9.199494833333334
20/6/2024 15:51:57,27.92,56.27,47,45.47486816666666, 9.199593833333333
20/6/2024 15:52:02,27.82,56.55,47,45.47485683333333, 9.199651833333332
20/6/2024 15:52:07,27.73,56.79,50,45.474854500000006, 9.199685166666665
20/6/2024 15:52:12,27.68,55.5,50,45.47483950000001, 9.199770333333333
20/6/2024 15:52:17,27.64,55.13,46,45.474826666666665, 9.19985
20/6/2024 15:52:22,27.66,54.49,43,45.4748085, 9.199892333333334
20/6/2024 15:52:27,27.68,54.57,48,45.47477116666667, 9.1999855
20/6/2024 15:52:32,27.68,54.81,46,45.47473033333334, 9.200056
20/6/2024 15:52:37,27.71,55.5,46,45.47469533333333, 9.2001275
20/6/2024 15:52:42,27.73,55.33,46,45.47466716666666, 9.200196666666667
20/6/2024 15:52:47,27.86,55.32,53,45.47464016666666, 9.200271666666668
20/6/2024 15:52:52,27.93,53.43,43,45.47461033333334, 9.2003335
20/6/2024 15:52:57,27.96,51.59,46,45.47457533333333, 9.200394333333332
20/6/2024 15:53:02,27.97,51.31,48,45.474550666666666, 9.200460999999999
20/6/2024 15:53:07,27.92,52.95,46,45.47452916666666, 9.2005275
20/6/2024 15:53:12,27.92,51.03,41,45.47450333333333, 9.2005965
20/6/2024 15:53:17,27.95,51.52,49,45.47448133333334, 9.200657666666666
20/6/2024 15:53:22,27.99,50.63,47,45.47447016666667, 9.2007005
20/6/2024 15:53:27,28.1,50.84,43,45.474468333333334, 9.200726
20/6/2024 15:53:32,28.2,50.46,48,45.47446883333334, 9.200747333333334
20/6/2024 15:53:37,28.27,50.37,43,45.474478500000004, 9.200784
20/6/2024 15:53:42,28.36,51.65,46,45.47449700000001, 9.200819166666667
20/6/2024 15:53:47,28.47,52.24,50,45.47450116666667, 9.200839166666666
20/6/2024 15:53:52,28.56,53.9,45,45.47450166666666, 9.200857666666668
20/6/2024 15:53:57,28.65,55.01,46,45.47450216666666, 9.200868166666668
20/6/2024 15:54:02,28.79,55.46,44,45.474500166666665, 9.2008765
20/6/2024 15:54:07,28.91,55.27,46,45.474496833333326, 9.200884166666667
20/6/2024 15:54:12,29.04,55.31,51,45.4744965, 9.200889666666665
20/6/2024 15:54:17,29.19,52.47,43,45.474492666666656, 9.200900666666666
20/6/2024 15:54:22,29.32,54.07,46,45.474492666666656, 9.200904833333334
20/6/2024 15:54:27,29.46,53.54,46,45.4744925, 9.2009075
20/6/2024 15:54:32,29.56,53.26,46,45.474492666666656, 9.200911333333332
20/6/2024 15:54:37,29.62,51.03,43,45.47449166666667, 9.200915333333334
20/6/2024 15:54:42,29.65,51.67,43,45.47449216666667, 9.200917
20/6/2024 15:54:47,29.8,52.37,43,45.474492666666656, 9.200916833333334
20/6/2024 15:54:52,30.23,50.49,45,45.474493, 9.200917
20/6/2024 15:54:57,30.59,48.39,45,45.47449433333333, 9.200918
20/6/2024 15:55:02,31.02,49.21,50,45.47449616666666, 9.200917
20/6/2024 15:55:07,31.07,52.32,46,45.474498833333335, 9.200915
20/6/2024 15:55:12,31.16,53.09,45,45.474500500000005, 9.200915166666666
20/6/2024 15:55:17,31.51,51.82,51,45.474501, 9.200916166666667
20/6/2024 15:55:22,31.41,48.64,47,45.474502, 9.200916333333334
20/6/2024 15:55:27,31.32,46.22,43,45.47450216666666, 9.200916333333334
20/6/2024 15:55:32,31.59,46.23,44,45.474502833333325, 9.200916333333334
20/6/2024 15:55:37,31.71,47.23,47,45.47450233333334, 9.200917166666667
20/6/2024 15:55:42,31.59,46.07,47,45.47450366666667, 9.200924333333335
20/6/2024 15:55:47,32.11,47.41,46,45.474478, 9.200944666666667
20/6/2024 15:55:52,31.37,47.18,45,45.474461000000005, 9.200983333333333
20/6/2024 15:55:57,31.09,46.61,46,45.47442233333333, 9.201043
20/6/2024 15:56:02,30.59,46.26,46,45.47435816666666, 9.201045833333334
20/6/2024 15:56:07,30.38,46.86,44,45.47430966666668, 9.201081499999999
20/6/2024 15:56:12,30.13,47.26,46,45.47427133333334, 9.201125333333332
20/6/2024 15:56:17,29.96,47.99,48,45.474240333333334, 9.201182333333332
20/6/2024 15:56:22,29.84,48.22,46,45.47420033333333, 9.201218166666667
20/6/2024 15:56:27,29.69,48.91,46,45.474157166666664, 9.201238833333333
20/6/2024 15:56:32,30.14,48.09,46,45.47413483333333, 9.201234666666666
20/6/2024 15:56:37,30.65,46.49,46,45.474121, 9.201224
20/6/2024 15:56:42,30.52,47.06,45,45.47411033333333, 9.201200833333333
20/6/2024 15:56:47,30.38,46.4,48,45.47408600000001, 9.201153666666666
20/6/2024 15:56:52,30.39,46.48,47,45.474053000000005, 9.201089666666666
20/6/2024 15:56:57,30.78,46.71,48,45.47401849999999, 9.201013333333332
20/6/2024 15:57:02,30.81,46.06,49,45.473994499999996, 9.200932666666667
20/6/2024 15:57:07,31.06,47.33,48,45.47399, 9.200849166666666
20/6/2024 15:57:12,31.17,46.13,45,45.473954166666665, 9.200778666666668
20/6/2024 15:57:17,31.45,45.73,44,45.47390600000001, 9.200694833333333
20/6/2024 15:57:22,32.08,45.41,44,45.47387116666667, 9.2006675
20/6/2024 15:57:27,31.99,44.84,49,45.47385366666667, 9.200601666666667
20/6/2024 15:57:32,32.14,44.45,49,45.47380016666666, 9.20055
20/6/2024 15:57:37,32.25,41.87,45,45.47374833333333, 9.200484999999999
20/6/2024 15:57:42,32.49,44.77,48,45.47370216666666, 9.200433166666667
20/6/2024 15:57:47,32.72,43.44,46,45.47365283333333, 9.200374833333333
20/6/2024 15:57:52,33.01,43.64,46,45.473597166666664, 9.200331
20/6/2024 15:57:57,33,44.11,47,45.47354966666667, 9.200370166666666
20/6/2024 15:58:02,33.17,46.85,46,45.473516999999994, 9.200428666666665
20/6/2024 15:58:07,32.77,43.47,45,45.47348333333333, 9.200492833333334
20/6/2024 15:58:12,32.74,42.59,50,45.47345533333334, 9.200556666666667
20/6/2024 15:58:17,32.94,42.67,45,45.47342833333334, 9.2006135
20/6/2024 15:58:22,32.48,41.39,43,45.47339783333334, 9.200677166666667
20/6/2024 15:58:27,32.38,41.05,50,45.47337383333333, 9.200751166666667
20/6/2024 15:58:32,32.39,41.08,50,45.47334850000001, 9.200824833333334
20/6/2024 15:58:37,32.32,41.08,46,45.47332183333333, 9.200900333333333
20/6/2024 15:58:42,32.4,41.3,48,45.47329333333334, 9.200968999999999
20/6/2024 15:58:47,32.39,41.62,48,45.47326116666667, 9.201026833333334
20/6/2024 15:58:52,32.46,42.12,51,45.4732175, 9.2010875
20/6/2024 15:58:57,32.63,42.64,47,45.473187666666675, 9.2011545
20/6/2024 15:59:02,32.46,42.52,48,45.47317233333333, 9.201223166666667
20/6/2024 15:59:07,32.26,42.11,48,45.47319933333333, 9.2013005
20/6/2024 15:59:12,32.07,42.45,45,45.473231166666665, 9.2013785
20/6/2024 15:59:17,32.02,42.62,45,45.47326016666666, 9.201448333333333
20/6/2024 15:59:22,31.96,42.32,46,45.4733015, 9.2015175
20/6/2024 15:59:27,31.98,42.96,44,45.473342, 9.201573
20/6/2024 15:59:32,32.01,43.17,45,45.47339133333333, 9.201624833333334
20/6/2024 15:59:37,32.14,42.68,45,45.47343983333334, 9.201670666666667
20/6/2024 15:59:42,32.08,42.29,45,45.47347383333334, 9.201719666666666
20/6/2024 15:59:47,32.11,42.12,44,45.473514666666674, 9.201777
20/6/2024 15:59:52,32.02,42.39,44,45.47351983333333, 9.201868666666666
20/6/2024 15:59:57,31.88,42.34,45,45.47353316666666, 9.201936166666666
20/6/2024 16:00:02,31.84,42.2,44,45.47353150000001, 9.202025833333332
20/6/2024 16:00:07,31.77,42.21,45,45.473532999999996, 9.202113333333333
20/6/2024 16:00:12,31.78,41.88,45,45.47353416666667, 9.202199
20/6/2024 16:00:17,31.95,41.65,44,45.473513000000004, 9.202277166666667
20/6/2024 16:00:22,32.02,41.31,45,45.47347916666666, 9.202351333333333
20/6/2024 16:00:27,32.14,41.27,47,45.473452333333334, 9.202424166666667
20/6/2024 16:00:32,32.01,41.6,48,45.47343816666667, 9.202467
20/6/2024 16:00:37,31.84,42.58,46,45.47344183333333, 9.202467500000001
20/6/2024 16:00:42,31.77,43.13,44,45.47344133333333, 9.202477666666665
20/6/2024 16:00:47,31.55,42.83,44,45.47344316666666, 9.202489000000002
20/6/2024 16:00:52,31.41,43.05,50,45.473437, 9.202496666666667
20/6/2024 16:00:57,31.43,43.57,48,45.47344499999999, 9.202512333333335
20/6/2024 16:01:02,31.44,44.7,45,45.473451999999995, 9.202521333333333
20/6/2024 16:01:07,31.47,44.32,45,45.473457333333336, 9.202526166666667
20/6/2024 16:01:12,31.47,44.12,49,45.473459500000004, 9.202529833333333
20/6/2024 16:01:17,31.43,43.22,46,45.4734615, 9.202532833333333
20/6/2024 16:01:22,31.34,42.39,46,45.4734615, 9.202536666666667
20/6/2024 16:01:27,31.09,42.75,45,45.473461666666665, 9.202542333333334
20/6/2024 16:01:32,31,44.5,46,45.473473, 9.202501833333335
20/6/2024 16:01:37,30.82,44.35,45,45.473489666666666, 9.202458166666666
20/6/2024 16:01:42,30.71,44.95,45,45.4734875, 9.202461666666666
20/6/2024 16:01:47,30.49,44.66,46,45.47349033333333, 9.202469833333334
20/6/2024 16:01:52,30.27,45.12,43,45.47351666666667, 9.2024595
20/6/2024 16:01:57,30.08,44.99,47,45.473564, 9.2024235
20/6/2024 16:02:02,30.04,44.81,44,45.47360533333334, 9.202355833333334
20/6/2024 16:02:07,30.07,44.81,43,45.473630333333325, 9.202329166666667
20/6/2024 16:02:12,30.03,45.01,46,45.473675166666666, 9.202276000000001
20/6/2024 16:02:17,29.99,46.07,46,45.473726500000005, 9.202231000000001
20/6/2024 16:02:22,30.01,46.06,45,45.473775833333335, 9.202179
20/6/2024 16:02:27,30.05,45.16,45,45.473820499999995, 9.202117166666666
20/6/2024 16:02:32,30.07,45.22,47,45.47387583333334, 9.2020675
20/6/2024 16:02:37,30.2,45.26,45,45.47393633333333, 9.202032666666666
20/6/2024 16:02:42,30.18,45.51,48,45.473993666666665, 9.202015166666666
20/6/2024 16:02:47,30,45.16,48,45.4740365, 9.202003166666666
20/6/2024 16:02:52,29.83,44.74,46,45.47406083333333, 9.201968166666667
20/6/2024 16:02:57,29.76,44.74,44,45.474077666666666, 9.201938666666667
20/6/2024 16:03:02,29.67,44.48,41,45.47411266666666, 9.201877666666666
20/6/2024 16:03:07,29.66,45.04,45,45.47416799999999, 9.201798
20/6/2024 16:03:12,29.65,45.24,46,45.47422466666667, 9.2017295
20/6/2024 16:03:17,29.59,45.28,43,45.474275999999996, 9.201667166666665
20/6/2024 16:03:22,29.56,45.76,43,45.474308666666666, 9.201623000000001
20/6/2024 16:03:27,29.55,47,48,45.474330666666674, 9.201629166666667
20/6/2024 16:03:32,29.59,47.74,44,45.47434266666667, 9.201629666666665
20/6/2024 16:03:37,29.62,48.01,45,45.47434566666667, 9.201631666666666
20/6/2024 16:03:42,29.67,48.27,46,45.47434716666667, 9.2016395
20/6/2024 16:03:47,29.73,48.29,46,45.47434916666666, 9.201643333333333
20/6/2024 16:03:52,29.76,48.15,45,45.47434433333333, 9.201648666666667
20/6/2024 16:03:57,29.8,48,49,45.47434783333333, 9.201652166666666
20/6/2024 16:04:02,29.83,48.1,46,45.47435033333333, 9.2016565
20/6/2024 16:04:07,29.91,48.47,52,45.474353666666666, 9.201656000000002
20/6/2024 16:04:12,29.97,48.48,51,45.4743585, 9.201656166666668
20/6/2024 16:04:17,30.03,48.2,51,45.47435983333333, 9.20166
20/6/2024 16:04:22,30.05,48.4,48,45.47435716666667, 9.2016545
20/6/2024 16:04:27,30.05,47.48,47,45.474357499999996, 9.2016525
20/6/2024 16:04:32,30.05,47.41,49,45.47435833333334, 9.201653
20/6/2024 16:04:37,30.15,47.37,54,45.474373, 9.201663166666666
20/6/2024 16:04:42,30.15,47.53,51,45.474374166666664, 9.201659000000001
20/6/2024 16:04:47,30.18,47.62,51,45.47436283333333, 9.201657833333334
20/6/2024 16:04:52,30.23,47.81,52,45.47435616666667, 9.201663
20/6/2024 16:04:57,30.28,48.07,53,45.47434883333334, 9.201660833333333
20/6/2024 16:05:02,30.32,48.53,59,45.474351999999996, 9.201658666666667
20/6/2024 16:05:07,30.34,48.75,55,45.474353, 9.201659333333334
20/6/2024 16:05:12,30.36,48.81,56,45.47435466666668, 9.201661166666666
20/6/2024 16:05:17,30.36,48.43,57,45.47435466666668, 9.201663333333332
20/6/2024 16:05:22,30.44,48.26,60,45.4743525, 9.201671666666666
20/6/2024 16:05:27,30.51,48.32,58,45.47434983333333, 9.201686833333333
20/6/2024 16:05:32,30.48,47.83,59,45.47435033333333, 9.201685666666666
20/6/2024 16:05:37,30.55,47.46,63,45.47435083333333, 9.201683166666667
20/6/2024 16:05:42,30.55,47.94,60,45.47434533333333, 9.201679166666667
20/6/2024 16:05:47,30.55,47.97,60,45.47434416666667, 9.201669833333334
20/6/2024 16:05:52,30.54,47.97,58,45.47434566666667, 9.201662333333333
20/6/2024 16:05:57,30.48,47.46,57,45.47435099999999, 9.20166
20/6/2024 16:06:02,30.42,47.41,60,45.474352333333336, 9.201657166666667
20/6/2024 16:06:07,30.44,47.64,58,45.47435350000001, 9.201653499999999
20/6/2024 16:06:12,30.42,48.1,58,45.47435733333334, 9.201655833333332
20/6/2024 16:06:17,30.42,48.47,58,45.47435816666666, 9.201657833333334
20/6/2024 16:06:22,30.42,48.73,58,45.47435099999999, 9.201671666666666
20/6/2024 16:06:27,30.3,46.85,55,45.474327666666674, 9.201718166666666
20/6/2024 16:06:32,30.2,46.31,57,45.474327333333335, 9.201757333333335
20/6/2024 16:06:37,30.08,46.96,56,45.474326000000005, 9.201758666666667
20/6/2024 16:06:42,30.04,47.03,54,45.47432633333333, 9.201761833333334
20/6/2024 16:06:47,30.01,46.56,53,45.47432683333333, 9.201766
20/6/2024 16:06:52,29.97,46.65,53,45.474327333333335, 9.201768666666668
20/6/2024 16:06:57,29.94,47.04,54,45.47432833333334, 9.201770333333334
20/6/2024 16:07:02,29.94,47.3,52,45.474329000000004, 9.201771
20/6/2024 16:07:07,29.94,47.26,53,45.47432966666667, 9.201772
20/6/2024 16:07:12,29.9,47.28,52,45.47433049999999, 9.201774166666667
20/6/2024 16:07:17,29.87,47.69,52,45.47433133333334, 9.201775999999999
20/6/2024 16:07:22,29.86,47.93,52,45.474332000000004, 9.201776333333333
20/6/2024 16:07:27,29.84,48.03,53,45.47433183333332, 9.2017765
20/6/2024 16:07:32,29.83,47.77,52,45.474331666666664, 9.201777166666666
20/6/2024 16:07:37,29.84,47.65,52,45.47433183333332, 9.201776666666666
20/6/2024 16:07:42,29.8,47.79,55,45.47433250000001, 9.201775666666666
20/6/2024 16:07:47,29.79,47.68,50,45.47433266666667, 9.201774833333333
20/6/2024 16:07:52,29.8,47.8,51,45.47433266666667, 9.201774
20/6/2024 16:07:57,29.79,48.4,55,45.47433283333333, 9.201773
20/6/2024 16:08:02,29.79,48.34,51,45.47433283333333, 9.201772166666666
20/6/2024 16:08:07,29.79,47.61,51,45.47433266666667, 9.201772333333334
20/6/2024 16:08:12,29.8,47.08,51,45.474333166666675, 9.201771666666668
20/6/2024 16:08:17,29.8,47.02,51,45.474334, 9.201771166666667
20/6/2024 16:08:22,29.77,47.42,47,45.474334500000005, 9.201771
20/6/2024 16:08:27,29.8,47.22,51,45.47433483333332, 9.2017705
20/6/2024 16:08:32,29.84,47.54,53,45.47433483333332, 9.20177
20/6/2024 16:08:37,29.8,48.16,50,45.474334500000005, 9.201769833333334
20/6/2024 16:08:42,29.8,48.73,51,45.474334666666664, 9.201769833333334
20/6/2024 16:08:47,29.77,48.71,55,45.47433266666667, 9.201770166666668
20/6/2024 16:08:52,29.69,46.55,49,45.47432416666667, 9.201782666666666
20/6/2024 16:08:57,29.63,45.85,49,45.4743225, 9.201785
20/6/2024 16:09:02,29.63,45.82,52,45.47431783333333, 9.201787666666666
20/6/2024 16:09:07,29.62,45.57,48,45.474317166666665, 9.2017885
20/6/2024 16:09:12,29.52,46.46,53,45.4743165, 9.2017885
